Type,Date,Day,Session,Start,End,Duration_Hours,Commits,Hash,Message
session,2026-01-12,Mon,1,20:12,20:27,0.25,1,,""
commit,2026-01-12,Mon,1,20:27:09,,,,41193cc,"Initial commit from Create Next App"
session,2026-01-15,Thu,2,19:31,19:46,0.25,1,,""
commit,2026-01-15,Thu,2,19:46:50,,,,6f5c51c,"feat: Implement initial Instagram Stories webhook application with authentication, scheduling, and a debug dashboard."
session,2026-01-16,Fri,3,19:35,21:19,1.73,3,,""
commit,2026-01-16,Fri,3,19:50:06,,,,1e11e5a,"feat(.agent): add comprehensive rules and workflows for development standards"
commit,2026-01-16,Fri,3,19:52:50,,,,5a52336,"feat: migrate to Supabase, integrate Auth.js, and harden security"
commit,2026-01-16,Fri,3,21:19:11,,,,f3f6047,"fix: resolve debug dashboard errors, webhook auth, and add publishing logs"
session,2026-01-17,Sat,4,13:07,17:02,3.92,10,,""
commit,2026-01-17,Sat,4,13:22:15,,,,fd57c45,"refactor: achieve zero errors and warnings, implement logging & background processing"
commit,2026-01-17,Sat,4,13:35:56,,,,5eb7049,"feat: implement instagram insights tracking and heartbeat logging"
commit,2026-01-17,Sat,4,13:41:14,,,,d62a702,"feat: implement cron heartbeat logging"
commit,2026-01-17,Sat,4,13:42:41,,,,bd7d5d4,"merge: master (heartbeat logging) into feature/insights"
commit,2026-01-17,Sat,4,14:38:31,,,,88e4bed,"chore: stop tracking logs/app.log"
commit,2026-01-17,Sat,4,14:39:40,,,,c9f3b6a,"chore: restore stashed changes after merge and resolve conflicts"
commit,2026-01-17,Sat,4,15:50:33,,,,0a54711,"feat: add log deduplication and fix nextjs 15 route params"
commit,2026-01-17,Sat,4,16:06:00,,,,83ba9f2,"feat: add meme scheduler script and drag-and-drop grid view for posts"
commit,2026-01-17,Sat,4,16:49:14,,,,b4fa447,"feat: implement insights dashboard and quota monitoring"
commit,2026-01-17,Sat,4,17:02:18,,,,5695477,"Refactor UX: Main page scheduler, Developer page, Toasts"
session,2026-01-18,Sun,5,12:52,14:45,1.88,3,,""
commit,2026-01-18,Sun,5,13:07:53,,,,91eb7e6,"feat: implement media processing and validation for Instagram Stories"
commit,2026-01-18,Sun,5,14:14:51,,,,6259a3a,"feat: add client setup guide and local settings configuration system"
commit,2026-01-18,Sun,5,14:45:51,,,,846e93a,"feat: implement core video processing engine for Instagram Stories standards"
session,2026-01-21,Wed,6,15:55,18:49,2.90,6,,""
commit,2026-01-21,Wed,6,16:10:28,,,,13454a4,"docs: setup testing infrastructure with Vitest and Playwright"
commit,2026-01-21,Wed,6,16:14:44,,,,bfb12c4,"ci: add GitHub Actions pipeline for CI/CD"
commit,2026-01-21,Wed,6,16:15:47,,,,746cf47,"docs: update README with CI/CD information"
commit,2026-01-21,Wed,6,16:51:19,,,,bfb84a9,"security: strengthen app posture with headers, secure IDs, and RLS validation"
commit,2026-01-21,Wed,6,17:48:16,,,,06026ad,"refactor: restructure lib and types, fix all lint warnings and build status"
commit,2026-01-21,Wed,6,18:49:24,,,,771bc3c,"feat(testing): add comprehensive unit and e2e tests for publish flow"
session,2026-01-22,Thu,7,11:52,13:15,1.38,6,,""
commit,2026-01-22,Thu,7,12:07:22,,,,0fe2281,"feat: add Zod and React Hook Form libraries with validation schemas"
commit,2026-01-22,Thu,7,12:19:15,,,,8a95f5f,"feat: implement duplicate prevention and error handling"
commit,2026-01-22,Thu,7,12:24:49,,,,203755f,"chore: save remaining local changes"
commit,2026-01-22,Thu,7,12:44:35,,,,361f02d,"feat: complete zod and react-hook-form integration with server-side validation"
commit,2026-01-22,Thu,7,12:51:33,,,,cc3a0a5,"feat: complete meme submission and admin dashboard"
commit,2026-01-22,Thu,7,13:15:06,,,,fc82a50,"Resolve merge conflicts and consolidate testing setup into __tests__"
session,2026-01-22,Thu,8,21:05,22:14,1.16,5,,""
commit,2026-01-22,Thu,8,21:20:13,,,,f194f9c,"feat(admin): implement memes dashboard and api routes with immediate scheduling"
commit,2026-01-22,Thu,8,21:20:17,,,,7d2a2c2,"feat: implement community memes submission page and API routes"
commit,2026-01-22,Thu,8,21:36:08,,,,669386e,"fix: update test imports and improve type safety after project restructuring"
commit,2026-01-22,Thu,8,21:52:08,,,,91257c7,"feat: improve dark mode styling and fix UI issues"
commit,2026-01-22,Thu,8,22:14:40,,,,cdca411,"fix: remove dark mode, fix build errors, and update tests"
session,2026-01-23,Fri,9,08:32,13:22,4.83,11,,""
commit,2026-01-23,Fri,9,08:47:54,,,,695b0d8,"feat: implement 3-tier role system (developer, admin, user) and restructure navigation"
commit,2026-01-23,Fri,9,08:49:51,,,,bd41055,"feat: fix user management page and add navbar access for admin/developer roles"
commit,2026-01-23,Fri,9,08:53:24,,,,9d01461,"fix: allow 'developer' role in API validation"
commit,2026-01-23,Fri,9,09:00:43,,,,9e243ae,"feat: restrict user management UI actions to developers and fix hydration/image issues"
commit,2026-01-23,Fri,9,09:04:45,,,,d861d17,"fix: resolve hydration issues, image hostname errors, and solidify RBAC for admin pages"
commit,2026-01-23,Fri,9,10:39:31,,,,c978606,"fix: meme scheduling and debug improvements"
commit,2026-01-23,Fri,9,10:47:27,,,,eaa1f2f,"fix: delay media cleanup to 24h to allow previews"
commit,2026-01-23,Fri,9,12:02:00,,,,be968e9,"feat: implement memes and check in broken tests to fix"
commit,2026-01-23,Fri,9,12:20:39,,,,2ec161f,"refactor: remove dark mode and update test configuration"
commit,2026-01-23,Fri,9,12:40:24,,,,030f4e8,"chore: sync with remote, fix tests, and resolve linting issues"
commit,2026-01-23,Fri,9,13:22:25,,,,4a16afa,"feat: prepare for Vercel deployment with security fixes and cron migration"
session,2026-01-26,Mon,10,14:31,16:50,2.31,9,,""
commit,2026-01-26,Mon,10,14:46:57,,,,9afad01,"feat: secure debug endpoints and prepare for production deployment"
commit,2026-01-26,Mon,10,15:07:35,,,,0b23fe0,"feat: comprehensive schedule UI improvements"
commit,2026-01-26,Mon,10,15:11:04,,,,b6d897e,"ci: retry CI workflow"
commit,2026-01-26,Mon,10,15:14:55,,,,f344456,"fix: update package-lock.json"
commit,2026-01-26,Mon,10,15:15:29,,,,d802168,"ci: trigger test workflow"
commit,2026-01-26,Mon,10,16:11:53,,,,c56a957,"chore: add debug endpoint for env vars"
commit,2026-01-26,Mon,10,16:14:41,,,,d1cfe81,"fix: lint errors in debug endpoint"
commit,2026-01-26,Mon,10,16:47:41,,,,669ef7d,"chore: add frontend logs and enable debug mode for auth"
commit,2026-01-26,Mon,10,16:50:39,,,,98d2ec1,"fix: disable local file logging in Vercel environment"
session,2026-01-26,Mon,11,20:35,21:56,1.34,13,,""
commit,2026-01-26,Mon,11,20:50:57,,,,fc1f23b,"docs: comprehensive documentation overhaul + Claude Code integration + GitHub workflows"
commit,2026-01-26,Mon,11,21:03:51,,,,abaee96,"analysis: comprehensive feature matrix by user type and test coverage"
commit,2026-01-26,Mon,11,21:11:05,,,,280a600,"plan: detailed completion plan for sections 2, 3, 4"
commit,2026-01-26,Mon,11,21:17:29,,,,73cee48,"feat: implement Phase 1 completion - meme search/pagination and edit posts"
commit,2026-01-26,Mon,11,21:21:55,,,,65fa5f9,"feat: configure Supabase Pro storage for AI meme analysis"
commit,2026-01-26,Mon,11,21:22:33,,,,8703f81,"docs: add AI analysis quick start and setup scripts"
commit,2026-01-26,Mon,11,21:29:10,,,,db1edb3,"docs: update feature matrix with Phase 1 & AI analysis"
commit,2026-01-26,Mon,11,21:36:58,,,,81e3919,"docs: remove email notification feature - focus on core sections 2,3,4"
commit,2026-01-26,Mon,11,21:39:59,,,,aed50cc,"docs: add comprehensive testing strategy and Meta API limitations to CLAUDE.md"
commit,2026-01-26,Mon,11,21:47:38,,,,a416a7e,"feat: implement Section 2 - Edit User Submission feature"
commit,2026-01-26,Mon,11,21:52:34,,,,f800898,"fix: resolve TypeScript errors in Section 2 implementation"
commit,2026-01-26,Mon,11,21:54:49,,,,3c23793,"fix: resolve all ESLint errors"
commit,2026-01-26,Mon,11,21:56:18,,,,ec01246,"docs: add mandatory pre-commit quality checks to CLAUDE.md"
session,2026-01-27,Tue,12,14:52,15:43,0.86,10,,""
commit,2026-01-27,Tue,12,15:07:21,,,,3007987,"docs: add implementation plan for Instagram user tagging on meme submissions"
commit,2026-01-27,Tue,12,15:08:03,,,,afb6d5d,"chore: update package-lock.json"
commit,2026-01-27,Tue,12,15:20:00,,,,1322f80,"docs: add comprehensive E2E testing plan"
commit,2026-01-27,Tue,12,15:33:48,,,,223baae,"feat: implement comprehensive E2E testing infrastructure"
commit,2026-01-27,Tue,12,15:37:42,,,,5ef2314,"fix: resolve fs module import error in logger.ts for Vercel build"
commit,2026-01-27,Tue,12,15:37:42,,,,9d23fd7,"fix: resolve fs module import error in logger.ts for Vercel build"
commit,2026-01-27,Tue,12,15:37:42,,,,4736005,"fix: resolve fs module import error in logger.ts for Vercel build"
commit,2026-01-27,Tue,12,15:40:36,,,,988ccd2,"feat: security audit and cryptographic signing improvements"
commit,2026-01-27,Tue,12,15:41:23,,,,61a0e57,"chore: update package-lock.json"
commit,2026-01-27,Tue,12,15:43:49,,,,54fa140,"fix: resolve CI test failures in GitHub Actions"
session,2026-01-27,Tue,13,20:53,21:08,0.25,1,,""
commit,2026-01-27,Tue,13,21:08:35,,,,c26b66c,"Merge pull request #2 from PiotrRomanczuk/claude/security-audit-data-signing-lUOZO"
session,2026-01-27,Tue,14,22:13,22:55,0.70,7,,""
commit,2026-01-27,Tue,14,22:28:29,,,,5cf4812,"docs: add mandatory CI/CD verification steps for pull requests"
commit,2026-01-27,Tue,14,22:37:34,,,,e572a82,"fix: remove Logger import from client component meme-manager"
commit,2026-01-27,Tue,14,23:41:16,,,,3a640b8,"Merge pull request #4 from PiotrRomanczuk/claude/add-cicd-check-pr-uHnXp"
commit,2026-01-27,Tue,14,22:42:13,,,,cd04621,"feat: add Instagram Direct Messaging integration"
commit,2026-01-27,Tue,14,22:49:12,,,,b18b836,"Merge remote-tracking branch 'origin/master' into claude/analyze-instagram-messages-RFjpu"
commit,2026-01-27,Tue,14,22:53:09,,,,cc3d2f8,"fix: add eslint-disable and null assertions for logger.ts require statements"
commit,2026-01-27,Tue,14,22:55:21,,,,2b4d7d8,"security: fix allowed_users RLS policy to prevent user enumeration"
session,2026-01-28,Wed,15,07:02,08:34,0.54,14,,""
commit,2026-01-28,Wed,15,07:17:43,,,,99b2f9c,"feat: add last-developer protection to prevent system lockout"
commit,2026-01-28,Wed,15,07:19:31,,,,c08b6f8,"fix: update dynamic route params to Promise for Next.js 16 compatibility"
commit,2026-01-28,Wed,15,07:20:17,,,,207166a,"fix: add eslint-disable for require() and non-null assertions in logger.ts"
commit,2026-01-28,Wed,15,07:20:29,,,,b541937,"fix: add ESLint exceptions and TypeScript assertions for logger.ts"
commit,2026-01-28,Wed,15,07:20:51,,,,548bb18,"feat: add Zod validation schemas for user management APIs"
commit,2026-01-28,Wed,15,07:23:16,,,,3e7688d,"fix: correct error message in requireAdmin helper"
commit,2026-01-28,Wed,15,07:24:28,,,,bb02218,"fix: reset role selector to default after adding user"
commit,2026-01-28,Wed,15,07:25:58,,,,e89fb80,"feat: comprehensive meme scheduler UI/UX improvements"
commit,2026-01-28,Wed,15,07:26:00,,,,ec80458,"feat: highlight current user in user management table"
commit,2026-01-28,Wed,15,07:27:53,,,,bb2e468,"feat: add search and filtering to user management table"
commit,2026-01-28,Wed,15,08:28:57,,,,2823efa,"Merge pull request #6 from PiotrRomanczuk/claude/meme-scheduler-ui-review-waMkQ"
commit,2026-01-28,Wed,15,08:31:20,,,,f3e7b62,"Merge pull request #5 from PiotrRomanczuk/claude/analyze-instagram-messages-RFjpu"
commit,2026-01-28,Wed,15,08:32:35,,,,0fb158e,"Merge pull request #1 from PiotrRomanczuk/claude/plan-e2e-tests-claude-md-gK4YJ"
commit,2026-01-28,Wed,15,08:34:59,,,,3821507,"Merge pull request #7 from PiotrRomanczuk/claude/review-user-management-5gbDd"
session,2026-01-28,Wed,16,19:40,22:30,2.83,10,,""
commit,2026-01-28,Wed,16,19:55:55,,,,2980a1a,"fix(build): use server action for client-side logging to avoid fs import"
commit,2026-01-28,Wed,16,20:04:26,,,,4de2f2a,"feat: display logged-in user and connected Instagram account on navbar"
commit,2026-01-28,Wed,16,20:17:28,,,,111f565,"feat: add user detail panel to whitelist with stats and ig username caching"
commit,2026-01-28,Wed,16,20:20:46,,,,21a6248,"Merge branch 'claude/plan-next-steps-ZSGoD' into master (resolved conflicts)"
commit,2026-01-28,Wed,16,20:21:01,,,,50df17c,"Merge remote-tracking branch 'origin/claude/security-audit-data-signing-lUOZO'"
commit,2026-01-28,Wed,16,20:39:02,,,,ce82163,"feat: Enhanced test coverage and analytics dashboard"
commit,2026-01-28,Wed,16,21:22:18,,,,ca84e6b,"feat: implement meme workflow improvements (notifications, validation, duplicates, cleanup, bulk actions, rate limiting)"
commit,2026-01-28,Wed,16,21:28:50,,,,468fd2e,"feat: implement sentry integration and production readiness fixes (CSP, rate limiting, vulnerabilities)"
commit,2026-01-28,Wed,16,22:08:27,,,,caaea4d,"feat: integrate Sentry SDK with Next.js and Vercel Cron monitoring"
commit,2026-01-28,Wed,16,22:30:25,,,,4f0136f,"fix: update @swc/helpers to 0.5.18 to sync lockfile"
session,2026-01-29,Thu,17,13:15,21:54,8.64,30,,""
commit,2026-01-29,Thu,17,13:30:49,,,,8af79e1,"feat: implement Phase 1 edge case tests for user role"
commit,2026-01-29,Thu,17,13:38:36,,,,d45ab2e,"feat: implement concurrent edit protection with optimistic locking"
commit,2026-01-29,Thu,17,13:41:04,,,,a2a66ea,"feat: add pagination edge case tests and validation"
commit,2026-01-29,Thu,17,13:42:53,,,,bc1a477,"feat: implement media URL health check system"
commit,2026-01-29,Thu,17,13:45:18,,,,2d92cb9,"fix(db): resolve migration conflict and type mismatches in instagram messaging"
commit,2026-01-29,Thu,17,13:45:32,,,,f913e09,"chore: cleanup old migration and add pagination tests"
commit,2026-01-29,Thu,17,13:58:21,,,,0dd6349,"fix(rbac): grant developer role admin-level access to meme apis"
commit,2026-01-29,Thu,17,14:10:03,,,,bdb5920,"feat: replace quick schedule with submit now, relax validation, and bypass duplicate checks"
commit,2026-01-29,Thu,17,14:14:18,,,,692686d,"fix(test): mock fetch correctly and handle abort signal in timeout test"
commit,2026-01-29,Thu,17,14:16:59,,,,3470389,"fix(test): update schedule integration test to account for relaxed validation (2 min grace period)"
commit,2026-01-29,Thu,17,14:20:11,,,,1e75ac6,"fix(test): update meme edit modal test to allow extra fields (version) in onSave callback"
commit,2026-01-29,Thu,17,14:47:09,,,,9b3e8ae,"ci: disable playwright e2e tests in CI workflow"
commit,2026-01-29,Thu,17,14:55:17,,,,42766f7,"docs: update CI/CD documentation for vercel deployment"
commit,2026-01-29,Thu,17,15:01:35,,,,1830d24,"fix: handle json parsing errors in meme upload and improve error responses"
commit,2026-01-29,Thu,17,15:09:44,,,,6731ce9,"fix: replace dompurify with lightweight html strip to fix jsdom esm error"
commit,2026-01-29,Thu,17,15:26:49,,,,d9c20d6,"feat: add comprehensive cron job debugging interface"
commit,2026-01-29,Thu,17,16:13:30,,,,d41f51b,"feat: add bulk force-process workflow for overdue posts"
commit,2026-01-29,Thu,17,17:42:55,,,,8b946fb,"fix(scheduler): use admin/developer ID for scheduled memes to ensure IG publishing"
commit,2026-01-29,Thu,17,18:13:10,,,,d662ae7,"ci: re-enable E2E tests for master branch and enforce failures"
commit,2026-01-29,Thu,17,18:15:26,,,,3be7732,"ci: upgrade Node.js version to 20 to support latest Next.js"
commit,2026-01-29,Thu,17,18:38:45,,,,00bff8e,"feat: add Instagram Story preview and media validation in edit mode"
commit,2026-01-29,Thu,17,18:42:29,,,,297fabb,"feat: add option to delete pending posts in cron-debug panel"
commit,2026-01-29,Thu,17,19:58:27,,,,c6728d7,"feat: Phase 1 - Unified meme dashboard with card/list toggle"
commit,2026-01-29,Thu,17,20:03:14,,,,74c692b,"feat: Phase 2 - Drag-and-drop queue builder with reordering"
commit,2026-01-29,Thu,17,20:09:37,,,,cfed6cf,"feat: Phase 3 - Quick preview modal with keyboard navigation"
commit,2026-01-29,Thu,17,20:19:30,,,,0014e13,"feat: Phase 4 - Advanced search and filters with sorting"
commit,2026-01-29,Thu,17,20:29:59,,,,bf5181a,"improve: Enhanced meme list view with hover preview and mobile UX"
commit,2026-01-29,Thu,17,21:19:04,,,,0589527,"feat: Implement unified Content Hub consolidating submissions and scheduling"
commit,2026-01-29,Thu,17,21:43:39,,,,810eafe,"fix(db): resolve schema cache desync and complete content hub backfill"
commit,2026-01-29,Thu,17,21:54:18,,,,e6361bc,"feat(admin): add direct publishing and scheduling to content hub"
session,2026-01-30,Fri,18,08:44,11:22,2.63,20,,""
commit,2026-01-30,Fri,18,08:59:11,,,,5a4bfd3,"feat(content-hub): add admin approval workflow and story image processing"
commit,2026-01-30,Fri,18,08:59:33,,,,a5c2e9c,"."
commit,2026-01-30,Fri,18,09:01:19,,,,e899fa8,"fix(ui): remove duplicate view mode switcher from filters"
commit,2026-01-30,Fri,18,09:04:00,,,,42e779e,"refactor(ui): merge list and queue views into single list view"
commit,2026-01-30,Fri,18,09:05:28,,,,d5c5887,"fix(ui): update list view columns - show creator and scheduled time"
commit,2026-01-30,Fri,18,09:06:50,,,,d1f2ba5,"feat(ui): add story preview on hover in list view"
commit,2026-01-30,Fri,18,09:07:54,,,,96b9562,"fix(ui): add dark background to story preview for transparent images"
commit,2026-01-30,Fri,18,09:14:44,,,,a1031aa,"feat(content-hub): add quick inline approve/reject actions in list view"
commit,2026-01-30,Fri,18,09:15:45,,,,e5d9ea9,"feat(content-hub): add active filter chips with quick removal"
commit,2026-01-30,Fri,18,09:17:12,,,,050e590,"feat(content-hub): add bulk selection with floating action bar"
commit,2026-01-30,Fri,18,09:18:06,,,,60e7752,"feat(content-hub): add enhanced status column with error details"
commit,2026-01-30,Fri,18,09:19:47,,,,06e245e,"feat(content-hub): add keyboard and arrow navigation in preview modal"
commit,2026-01-30,Fri,18,09:32:37,,,,3b82d03,"feat(content-hub): UX improvements based on user feedback"
commit,2026-01-30,Fri,18,10:14:42,,,,ebfb718,"fix(auth): query email column instead of non-existent id in whitelist check"
commit,2026-01-30,Fri,18,10:15:05,,,,c4615e8,"feat(content-hub): add overdue post handling and fix user_email bug"
commit,2026-01-30,Fri,18,10:36:00,,,,e6d9062,"feat(content-hub): add post insights and API quota indicator"
commit,2026-01-30,Fri,18,10:46:14,,,,e8bb81f,"feat(content-hub): add column sorting to content list table"
commit,2026-01-30,Fri,18,10:59:00,,,,59c86c5,"refactor: remove /admin route and reorganize user management"
commit,2026-01-30,Fri,18,11:13:04,,,,8f420dc,"fix(tests): correct mock path for supabase-admin import"
commit,2026-01-30,Fri,18,11:22:10,,,,a630f8c,"feat(users): add getPostStatsByEmail function and translations"
session,2026-01-30,Fri,19,22:05,23:12,1.12,5,,""
commit,2026-01-30,Fri,19,22:20:31,,,,f30c168,"""Claude PR Assistant workflow"""
commit,2026-01-30,Fri,19,22:20:32,,,,a2a1b33,"""Claude Code Review workflow"""
commit,2026-01-30,Fri,19,22:46:33,,,,9951b0e,"chore: initialize shadcn/ui components"
commit,2026-01-30,Fri,19,23:02:54,,,,434a07a,"feat: add foundation layout components with shadcn/ui"
commit,2026-01-30,Fri,19,23:12:42,,,,dc671b5,"feat: add user submission flow with shadcn/ui"
session,2026-01-31,Sat,20,09:38,09:53,0.25,1,,""
commit,2026-01-31,Sat,20,09:53:11,,,,dcc87e3,"feat: add user and admin dashboards with shadcn/ui"
session,2026-01-31,Sat,21,11:42,14:43,3.01,17,,""
commit,2026-01-31,Sat,21,11:57:50,,,,980cd30,"feat: add admin review flow with shadcn/ui"
commit,2026-01-31,Sat,21,12:04:20,,,,41a14e6,"feat: add admin schedule management with shadcn/ui"
commit,2026-01-31,Sat,21,12:10:05,,,,90c4a42,"feat(users): rebuild user management with shadcn/ui"
commit,2026-01-31,Sat,21,12:15:33,,,,425f46f,"feat(inbox): rebuild Instagram inbox with shadcn/ui"
commit,2026-01-31,Sat,21,12:35:30,,,,d66c04b,"feat(insights): rebuild insights and analytics with shadcn/ui"
commit,2026-01-31,Sat,21,12:41:10,,,,2fb8b34,"feat(developer): rebuild developer tools with shadcn/ui"
commit,2026-01-31,Sat,21,12:45:28,,,,e7eca3b,"feat(settings): rebuild settings page with shadcn/ui"
commit,2026-01-31,Sat,21,12:56:46,,,,14dccb4,"fix: improve accessibility and error handling"
commit,2026-01-31,Sat,21,13:04:59,,,,e4436f0,"feat: add token status card and automatic refresh cron"
commit,2026-01-31,Sat,21,13:09:19,,,,33b84a6,"fix(i18n): add missing navbar translation keys"
commit,2026-01-31,Sat,21,13:15:20,,,,2485e3b,"fix: TokenStatusCard now correctly shows connected accounts"
commit,2026-01-31,Sat,21,13:40:38,,,,87dd9e0,"feat: improve schedule dialog UX and fix dashboard data fetch"
commit,2026-01-31,Sat,21,13:58:41,,,,3a6c089,"fix: cron now processes posts from content_items table"
commit,2026-01-31,Sat,21,14:04:54,,,,2bba1d1,"chore: disable AI analysis archiving temporarily"
commit,2026-01-31,Sat,21,14:14:37,,,,fd9b90e,"fix: upload images to Supabase storage instead of blob URLs"
commit,2026-01-31,Sat,21,14:20:46,,,,9f01af6,"fix(review): correct API response field and add picsum.photos domain"
commit,2026-01-31,Sat,21,14:43:41,,,,41f6d79,"test(e2e): add file submissions tests and test infrastructure"
session,2026-01-31,Sat,22,17:50,20:05,2.26,6,,""
commit,2026-01-31,Sat,22,18:05:24,,,,43bdad9,"refactor(api): rename response field from 'data' to 'items'"
commit,2026-01-31,Sat,22,19:07:18,,,,d845f76,"perf(e2e): optimize test performance and fix auth flakiness"
commit,2026-01-31,Sat,22,19:07:55,,,,150560a,"fix: improve image validation and allow blob URLs in CSP"
commit,2026-01-31,Sat,22,19:50:37,,,,0383bbf,"test(e2e): add dashboard statistics verification tests"
commit,2026-01-31,Sat,22,19:54:14,,,,9bd3363,"fix: complete API response field migration from 'data' to 'items'"
commit,2026-01-31,Sat,22,20:05:58,,,,17f7dd7,"fix(e2e): improve auth reliability with retry logic"
session,2026-02-02,Mon,23,10:23,11:31,1.14,7,,""
commit,2026-02-02,Mon,23,10:38:15,,,,47e0b61,"test(e2e): add admin publish test with Instagram API verification"
commit,2026-02-02,Mon,23,10:51:48,,,,e8dab03,"test(e2e): add comprehensive live Instagram E2E test suite"
commit,2026-02-02,Mon,23,10:59:39,,,,d6fd5de,"chore(e2e): update auth helpers and playwright config"
commit,2026-02-02,Mon,23,11:00:48,,,,c53b961,"feat: add StoryFlow components and additional E2E tests"
commit,2026-02-02,Mon,23,11:07:56,,,,6a4ca97,"fix: add image fallback handling for broken media URLs"
commit,2026-02-02,Mon,23,11:24:17,,,,60d1422,"feat: implement StoryFlow UI redesign for all main pages"
commit,2026-02-02,Mon,23,11:31:40,,,,a247403,"fix: add light/dark mode support and theme consistency across all pages"
session,2026-02-02,Mon,24,16:04,18:35,2.52,10,,""
commit,2026-02-02,Mon,24,16:19:40,,,,4ef419b,"test(e2e): add approve/reject workflow and scheduling calendar tests"
commit,2026-02-02,Mon,24,16:21:11,,,,7201fc2,"fix: add consistent dark mode background to all pages"
commit,2026-02-02,Mon,24,16:21:17,,,,fd0e116,"chore(e2e): improve auth helpers and test reliability"
commit,2026-02-02,Mon,24,16:21:22,,,,960b18b,"test: add unit tests for pages and calendar components"
commit,2026-02-02,Mon,24,17:05:26,,,,cc968ed,"feat(e2e): add comprehensive admin review page tests"
commit,2026-02-02,Mon,24,17:48:18,,,,1fe049b,"feat(calendar): add quick schedule popover with minute-level precision"
commit,2026-02-02,Mon,24,17:54:46,,,,11b9056,"feat(calendar): day-only view with 15-minute time blocks"
commit,2026-02-02,Mon,24,17:57:24,,,,010ef29,"test(e2e): add calendar helpers and scheduling spec"
commit,2026-02-02,Mon,24,18:06:00,,,,43da942,"fix(api): pass publishingStatus in PATCH /api/content/[id]"
commit,2026-02-02,Mon,24,18:35:51,,,,209baf0,"feat(calendar): add granularity controls with +/- buttons and Ctrl+scroll"
session,2026-02-05,Thu,25,00:21,02:01,1.66,9,,""
commit,2026-02-05,Thu,25,00:36:34,,,,f358170,"Merge Claude GitHub Actions workflows"
commit,2026-02-05,Thu,25,00:50:31,,,,b007e25,"feat: integrate Claude workflow template"
commit,2026-02-05,Thu,25,01:23:37,,,,f28e47d,"test: add comprehensive authentication flow testing (2.63% → 97.36% coverage)"
commit,2026-02-05,Thu,25,01:35:54,,,,c7b0cf5,"feat: complete Task 1.1 - establish accurate coverage baseline"
commit,2026-02-05,Thu,25,01:38:37,,,,92131e1,"docs: add E2E test implementation summary"
commit,2026-02-05,Thu,25,01:47:52,,,,b252252,"test(content-db): comprehensive testing for all 21 functions"
commit,2026-02-05,Thu,25,01:54:52,,,,df0aa48,"test(memes-db): comprehensive testing for all 19 functions"
commit,2026-02-05,Thu,25,01:56:58,,,,d160558,"chore: update e2e test files"
commit,2026-02-05,Thu,25,02:01:19,,,,5d5ff52,"test(scheduled-posts): comprehensive testing for all 10 functions"
session,2026-02-05,Thu,26,11:14,11:33,0.32,2,,""
commit,2026-02-05,Thu,26,11:29:40,,,,125cbf6,"feat(e2e): implement test dependency workflow for live Instagram publishing"
commit,2026-02-05,Thu,26,11:33:42,,,,f774276,"feat(e2e): add 24-hour deduplication for live Instagram publishing tests"
session,2026-02-05,Thu,27,15:14,18:35,3.34,10,,""
commit,2026-02-05,Thu,27,15:29:23,,,,ac8a9c1,"feat: implement admin user whitelist management (Phases 1-3)"
commit,2026-02-05,Thu,27,15:36:37,,,,354b029,"test(e2e): add comprehensive user whitelist management E2E tests"
commit,2026-02-05,Thu,27,15:37:55,,,,d858d81,"docs: add complete implementation summary for user whitelist management"
commit,2026-02-05,Thu,27,15:15:24,,,,efeb8c9,"docs: add DM analysis implementation and testing plan"
commit,2026-02-05,Thu,27,17:49:52,,,,fc32bac,"fix: update tests for content_items schema and remove unused imports"
commit,2026-02-05,Thu,27,17:54:32,,,,262d5c4,"feat: implement preview deployment layer with staging gate"
commit,2026-02-05,Thu,27,17:55:36,,,,d16ad40,"docs: add comprehensive deployment guide"
commit,2026-02-05,Thu,27,18:15:15,,,,5b07939,"feat: enhance preview guard with additional safety utilities"
commit,2026-02-05,Thu,27,18:20:43,,,,0544e98,"chore: add Vercel CLI for direct deployments"
commit,2026-02-05,Thu,27,18:35:01,,,,98547e8,"chore: temporarily revert workflow changes to allow push without workflow scope"
session,2026-02-06,Fri,28,21:09,21:24,0.25,1,,""
commit,2026-02-06,Fri,28,21:24:27,,,,37d47e0,"feat: implement mobile UI improvements from Stitch designs"
session,2026-02-07,Sat,29,16:00,16:18,0.31,3,,""
commit,2026-02-07,Sat,29,16:15:00,,,,0f8f232,"feat: comprehensive mobile schedule page upgrades (27 improvements)"
commit,2026-02-07,Sat,29,16:16:14,,,,eaec931,"chore: reorganize docs/scripts, add archive API, update content-db and types"
commit,2026-02-07,Sat,29,16:18:42,,,,65d0935,"chore: document docs/scripts/screenshots folders, configure Playwright screenshot output"
session,2026-02-08,Sun,30,10:23,10:43,0.33,2,,""
commit,2026-02-08,Sun,30,10:38:50,,,,80419cb,"feat: add time picker bottom sheet for swipe-to-schedule and mobile UI polish"
commit,2026-02-08,Sun,30,10:43:23,,,,8fb9ee9,"feat: add slide-in/out animation to Ready to Post panel"
session,2026-02-08,Sun,31,12:39,15:09,2.50,13,,""
commit,2026-02-08,Sun,31,12:54:26,,,,5a106d0,"fix: replace clipped dropdown menus with bottom action sheets on mobile"
commit,2026-02-08,Sun,31,13:00:22,,,,0a43a51,"fix: correct ready items count and add hamburger menu animation"
commit,2026-02-08,Sun,31,13:24:36,,,,91c0bdb,"refactor: migrate ~45 components from custom HTML to shadcn/ui"
commit,2026-02-08,Sun,31,13:34:03,,,,4cb6772,"fix: improve mobile admin dashboard layout and information hierarchy"
commit,2026-02-08,Sun,31,13:46:10,,,,8783d8a,"fix: improve mobile UX on /submit page"
commit,2026-02-08,Sun,31,14:07:48,,,,6acd86a,"fix: improve mobile submissions page layout and add preview dialog"
commit,2026-02-08,Sun,31,14:22:27,,,,6a72914,"fix: create MVP navigation and improve mobile layouts"
commit,2026-02-08,Sun,31,14:27:35,,,,bd9ac59,"fix: remove hamburger menu, move Users to avatar menu"
commit,2026-02-08,Sun,31,14:30:16,,,,09d728d,"fix: remove ThemeProvider to eliminate hydration mismatch"
commit,2026-02-08,Sun,31,14:34:17,,,,63ceafb,"fix: remove duplicate html/body from root layout to fix hydration"
commit,2026-02-08,Sun,31,14:44:16,,,,5f7cc1d,"fix: show failed posts when clicking ""View Failed"" from dashboard"
commit,2026-02-08,Sun,31,15:00:21,,,,774c0d2,"fix: improve failed post preview modal on mobile"
commit,2026-02-08,Sun,31,15:09:24,,,,a5e4ef6,"fix: improve failed post modal UX on mobile"
session,2026-02-08,Sun,32,17:42,19:14,0.52,5,,""
commit,2026-02-08,Sun,32,17:57:51,,,,bb6ac3a,"analyze MVP gaps: all 6 core flows production-ready"
commit,2026-02-08,Sun,32,17:58:38,,,,7661f32,"chore: update package-lock.json after npm install"
commit,2026-02-08,Sun,32,19:07:31,,,,4ab3050,"Merge pull request #8 from PiotrRomanczuk/claude/analyze-mvp-gaps-vESKW"
commit,2026-02-08,Sun,32,19:08:21,,,,e91e5ed,"feat: add schedule time conflict detection (same-minute hard block)"
commit,2026-02-08,Sun,32,19:14:11,,,,a11d941,"fix: overhaul failed posts workflow with proper retry, delete, and bulk actions"
session,2026-02-08,Sun,33,21:14,22:41,1.46,7,,""
commit,2026-02-08,Sun,33,21:29:00,,,,eff4da7,"feat: add real API quota to admin dashboard and improve stats cards UI"
commit,2026-02-08,Sun,33,21:52:51,,,,9a792e0,"fix: update tests and add mobile E2E test suites"
commit,2026-02-08,Sun,33,22:03:00,,,,f27a1c5,"fix: overhaul CI/CD pipeline and E2E test reliability (0.1.0 → 0.2.0)"
commit,2026-02-08,Sun,33,22:26:02,,,,9615b93,"feat: add page-specific driver.js onboarding tours (0.2.0 → 0.3.0)"
commit,2026-02-08,Sun,33,22:28:04,,,,5f3ae76,"fix: disable driver.js tours globally via TOURS_ENABLED flag"
commit,2026-02-08,Sun,33,22:33:42,,,,ef68d7c,"fix: provide placeholder Supabase env vars for CI build step"
commit,2026-02-08,Sun,33,22:41:53,,,,1a732ba,"fix: use GitHub Secrets for Supabase env vars in CI build step"
session,2026-02-11,Wed,34,11:53,12:45,0.87,5,,""
commit,2026-02-11,Wed,34,12:08:27,,,,4a4b65d,"refactor: split CLAUDE.md into core + 7 agents, migrate status to Linear"
commit,2026-02-11,Wed,34,12:09:47,,,,a0e6365,"chore: remove stale .agent/ Cursor/Windsurf rules and artifacts"
commit,2026-02-11,Wed,34,12:36:47,,,,08e69fa,"Merge remote-tracking branch 'origin/claude/plan-dm-analysis-Wukjh'"
commit,2026-02-11,Wed,34,12:43:47,,,,44e6802,"chore: remove auto-deploy from CI, add PR-based workflow with pre-push hook"
commit,2026-02-11,Wed,34,12:45:48,,,,49634c3,"docs: add PR-based deployment workflow to CLAUDE.md"
session,2026-02-11,Wed,35,16:01,16:16,0.25,1,,""
commit,2026-02-11,Wed,35,16:16:41,,,,8d82efc,"fix: alert dialog z-index + E2E CI sharding & env fix (#9)"
session,2026-02-11,Wed,36,18:03,18:18,0.25,1,,""
commit,2026-02-11,Wed,36,18:18:16,,,,7a04ba1,"fix: add missing env vars to E2E CI workflow and bump timeout (#16)"
session,2026-02-11,Wed,37,20:25,22:16,1.86,6,,""
commit,2026-02-11,Wed,37,20:40:03,,,,c67c33b,"feat: proactive token refresh with expiry notifications (BMS-155) (#11)"
commit,2026-02-11,Wed,37,20:40:16,,,,6d3aeae,"test: add 149 unit/integration tests for critical modules (BMS-148/149/151/152/153) (#13)"
commit,2026-02-11,Wed,37,20:40:27,,,,9daa2cf,"fix: frontend bugs and email_whitelist RLS (0.3.0 -> 0.3.1) (#12)"
commit,2026-02-11,Wed,37,20:40:36,,,,ed9dafa,"fix: harden security across debug, config, cron, and webhook routes (#14)"
commit,2026-02-11,Wed,37,20:42:21,,,,d238abc,"fix: resolve 6 backend reliability bugs (BMS-138/143/144/145/156/157) (#15)"
commit,2026-02-11,Wed,37,22:16:36,,,,d14d5e4,"feat: add git tag releases and retroactive versioning (0.4.2 -> 0.13.0) (#17)"
session,2026-02-13,Fri,38,14:07,14:22,0.25,1,,""
commit,2026-02-13,Fri,38,14:22:12,,,,9d5c44e,"feat: cron publishing safety guardrails + quota integration (BMS-161)"
session,2026-02-15,Sun,39,13:59,21:32,7.55,47,,""
commit,2026-02-15,Sun,39,14:14:29,,,,558cd0b,"test: add 54 E2E edge case tests for permissions, isolation, admin flows (#10)"
commit,2026-02-15,Sun,39,14:14:40,,,,6693b5f,"feat: enforce coverage thresholds in CI pipeline (BMS-154) (#19)"
commit,2026-02-15,Sun,39,14:14:50,,,,1811aaf,"fix: remove 10 dead page-old.tsx files (BMS-171) (#20)"
commit,2026-02-15,Sun,39,14:14:59,,,,6837e0b,"docs(claude): add agents, commands, skills and update CLAUDE.md [BMS-XXX] (#27)"
commit,2026-02-15,Sun,39,14:15:14,,,,ad3cd62,"fix: add FFmpeg runtime checks and document Vercel limitation (BMS-158) (#21)"
commit,2026-02-15,Sun,39,14:15:26,,,,6c22b77,"refactor: replace select('*') with explicit column selection (BMS-165) (#22)"
commit,2026-02-15,Sun,39,14:15:35,,,,9b8624a,"fix: Load More buttons and auth guards for client pages (BMS-182) (#24)"
commit,2026-02-15,Sun,39,14:16:50,,,,01809ff,"fix: remove all dead dark: Tailwind CSS classes (BMS-170) (#23)"
commit,2026-02-15,Sun,39,14:18:11,,,,730e3cf,"refactor: split content-db.ts and memes-db.ts into focused modules (BMS-175) (#25)"
commit,2026-02-15,Sun,39,14:18:23,,,,cbed9b5,"feat: video processing management + publish pre-processing (0.13.0 -> 0.14.0) (#26)"
commit,2026-02-15,Sun,39,14:42:06,,,,7a8435d,"feat(cron): add local development cron runner with job registry"
commit,2026-02-15,Sun,39,14:46:33,,,,d1cb834,"feat(cron): add local development cron runner with job registry (#29)"
commit,2026-02-15,Sun,39,14:47:48,,,,f95b825,"Add Claude Code GitHub Workflow (#28)"
commit,2026-02-15,Sun,39,15:27:13,,,,d804d17,"feat: add posted stories page with stable image previews"
commit,2026-02-15,Sun,39,15:38:55,,,,c8d6777,"feat: add posted stories page with stable image previews (#30)"
commit,2026-02-15,Sun,39,16:01:42,,,,05135af,"feat(cron): add overdue expiration and stale lock recovery [INS-43, INS-44]"
commit,2026-02-15,Sun,39,16:09:20,,,,4085334,"docs: unify versioning strategy, fix ISW prefix, add retroactive tags (0.14.0 -> 0.16.0)"
commit,2026-02-15,Sun,39,16:18:48,,,,12cf329,"feat(cron): overdue expiration + docs: unify versioning & ISW prefix (0.14.0 -> 0.16.0) (#31)"
commit,2026-02-15,Sun,39,16:23:31,,,,46ae329,"chore: add domain-specific agents/skills, remove Guitar CRM artifacts (0.16.0 -> 0.16.1)"
commit,2026-02-15,Sun,39,16:51:00,,,,e10b0d7,"fix(tests): align 31 failing tests with current implementation"
commit,2026-02-15,Sun,39,16:57:30,,,,0eecda9,"chore(storage): restrict stories bucket to service_role, proxy uploads via API (0.16.0 -> 0.16.1)"
commit,2026-02-15,Sun,39,17:04:25,,,,6d9e9e5,"chore: overhaul agents/skills, fix 31 CI test failures (#32)"
commit,2026-02-15,Sun,39,17:08:24,,,,4f93f95,"docs: add mandatory branch safety protocol to CLAUDE.md"
commit,2026-02-15,Sun,39,17:23:47,,,,9137aff,"chore(storage): restrict stories bucket to service_role, proxy uploads via API (0.16.0 -> 0.16.1) (#33)"
commit,2026-02-15,Sun,39,17:29:39,,,,f720eec,"fix: npm audit, Sentry sample rate, webhook signature enforcement (INS-24, INS-28, INS-40)"
commit,2026-02-15,Sun,39,17:43:49,,,,879abde,"fix: resolve remaining react-hooks lint warnings in 3 files"
commit,2026-02-15,Sun,39,17:44:47,,,,2aae6b3,"docs: add React hooks lint rules to agent documentation"
commit,2026-02-15,Sun,39,17:46:23,,,,600ffe6,"chore: bump version 0.16.2 -> 0.16.3"
commit,2026-02-15,Sun,39,17:53:44,,,,f8a1601,"fix(db): add missing cron_locks table, archived_at column, and quota history RLS (DB-01, DB-02, DB-03)"
commit,2026-02-15,Sun,39,17:54:27,,,,b2bb8a6,"fix(ui): add branded 404 not-found page (UI-01)"
commit,2026-02-15,Sun,39,17:58:00,,,,ccbc6da,"fix: npm audit fix for dependency vulnerabilities (BLD-02)"
commit,2026-02-15,Sun,39,17:58:52,,,,dc6b754,"fix: P0 security fixes and Meta Graph API v24.0 migration"
commit,2026-02-15,Sun,39,18:03:07,,,,2a60771,"fix: eliminate react-hooks lint warnings + add hooks documentation (#34)"
commit,2026-02-15,Sun,39,19:36:35,,,,967eb6b,"Merge pull request #35 from PiotrRomanczuk/fix/p0-database-migrations"
commit,2026-02-15,Sun,39,19:36:37,,,,4443508,"Merge pull request #36 from PiotrRomanczuk/fix/p0-not-found-page"
commit,2026-02-15,Sun,39,19:36:39,,,,ed0a6c9,"Merge pull request #37 from PiotrRomanczuk/fix/p0-production-blockers"
commit,2026-02-15,Sun,39,20:15:22,,,,27d9c10,"On master: WIP: pre-phase1-team"
commit,2026-02-15,Sun,39,20:15:22,,,,c95c5f6,"index on master: ed0a6c9 Merge pull request #37 from PiotrRomanczuk/fix/p0-production-blockers"
commit,2026-02-15,Sun,39,20:21:07,,,,f4f1486,"feat: add /api/health endpoint for production monitoring (INS-26)"
commit,2026-02-15,Sun,39,20:22:40,,,,3f4f64d,"fix(tests): remove skeleton cron-service.test.ts with describe.skip (INS-12)"
commit,2026-02-15,Sun,39,20:31:04,,,,0aa3786,"test(INS-11): add unit tests for webhook handlers (story + instagram)"
commit,2026-02-15,Sun,39,20:37:15,,,,11e5e81,"test: add unit tests for all 5 cron API route handlers (INS-10)"
commit,2026-02-15,Sun,39,20:40:13,,,,2d7bb26,"fix: sanitize error messages in redirects + drop legacy tokens table (INS-35, INS-41)"
commit,2026-02-15,Sun,39,20:41:11,,,,20d03a5,"fix(security): encrypt FB/IG access tokens at rest (INS-25)"
commit,2026-02-15,Sun,39,20:48:37,,,,cc804b3,"chore: sync package-lock.json with package.json"
commit,2026-02-15,Sun,39,21:31:42,,,,4fe68dd,"fix: remove base.ts re-export from database index (INS-41)"
commit,2026-02-15,Sun,39,21:32:30,,,,802e56f,"fix: use unknown intermediate cast in story-webhook test mocks"
total,,,39,,,70.42,319,,

Version,Description
v0.1.0,"Initial release"
v0.2.0,"Media processing"
v0.3.0,"Admin platform"
v0.4.0,"Security & integrations"
v0.5.0,"Production hardening"
v0.6.0,"Content Hub"
v0.7.0,"shadcn/ui redesign"
v0.8.0,"StoryFlow & Calendar"
v0.9.0,"Testing & deployment"
v0.10.0,"Mobile-first & CI/CD"
v0.10.1,"Onboarding tours + CI fixes"
v0.11.0,"Agent architecture"
v0.11.1,"Alert dialog + E2E CI fix"
v0.12.0,"Token refresh"
v0.12.1,"149 tests"
v0.12.2,"Frontend fixes"
v0.12.3,"Security hardening"
v0.12.4,"Backend reliability"
v0.13.0,"v0.13.0"
v0.14.0,"Video processing & publish pre-processing"
v0.15.0,"Local development cron runner"
v0.16.0,"Posted stories page"